CustomerID,FirstName,LastName,City,Email
1,Avery,Baker,Birmingham,avery.baker@example.com
2,Brooke,Carter,Huntsville,brooke.carter@example.com
3,Caleb,Diaz,Mobile,caleb.diaz@example.com
4,Daphne,Edwards,Montgomery,daphne.edwards@example.com
5,Elliott,Fisher,Tuscaloosa,elliott.fisher@example.com
6,Faith,Gill,Hoover,faith.gill@example.com
7,Gavin,Harris,Auburn,gavin.harris@example.com
8,Holly,Irwin,Birmingham,holly.irwin@example.com
